[{"id":67,"date":"2022-08-23T17:32:45","date_gmt":"2022-08-23T17:32:45","guid":{"rendered":"http:\/\/aviya-residence.com\/aviya\/wp-content\/uploads\/2022\/08\/TOP-VIEW-300x212-1.jpg"},"modified":"2022-08-23T17:32:45","modified_gmt":"2022-08-23T17:32:45","slug":"top-view-300x212","status":"inherit","type":"attachment","link":"https:\/\/aviya-residence.com\/aviya\/properties\/5-bedroom-terrace-duplex-with-a-penthouse-maid-room\/top-view-300x212\/","title":{"rendered":"TOP-VIEW-300&#215;212"},"author":1,"comment_status":"open","ping_status":"closed","template":"","meta":[],"acf":[],"description":{"rendered":"<p class=\"attachment\"><a href='https:\/\/aviya-residence.com\/aviya\/wp-content\/uploads\/2022\/08\/TOP-VIEW-300x212-1.jpg'><img width=\"300\" height=\"212\" src=\"https:\/\/aviya-residence.com\/aviya\/wp-content\/uploads\/2022\/08\/TOP-VIEW-300x212-1.jpg\" class=\"attachment-medium size-medium\" alt=\"\" loading=\"lazy\" \/><\/a><\/p>\n"},"caption":{"rendered":""},"alt_text":"","media_type":"image","mime_type":"image\/jpeg","media_details":{"width":300,"height":212,"file":"2022\/08\/TOP-VIEW-300x212-1.jpg","filesize":19437,"sizes":{"thumbnail":{"file":"TOP-VIEW-300x212-1-150x150.jpg","width":150,"height":150,"filesize":7839,"mime_type":"image\/jpeg","source_url":"https:\/\/aviya-residence.com\/aviya\/wp-content\/uploads\/2022\/08\/TOP-VIEW-300x212-1-150x150.jpg"},"full":{"file":"TOP-VIEW-300x212-1.jpg","width":300,"height":212,"mime_type":"image\/jpeg","source_url":"https:\/\/aviya-residence.com\/aviya\/wp-content\/uploads\/2022\/08\/TOP-VIEW-300x212-1.jpg"}},"image_meta":{"aperture":"0","credit":"","camera":"","caption":"","created_timestamp":"0","copyright":"","focal_length":"0","iso":"0","shutter_speed":"0","title":"","orientation":"0","keywords":[]}},"post":59,"source_url":"https:\/\/aviya-residence.com\/aviya\/wp-content\/uploads\/2022\/08\/TOP-VIEW-300x212-1.jpg","_links":{"self":[{"href":"https:\/\/aviya-residence.com\/aviya\/wp-json\/wp\/v2\/media\/67"}],"collection":[{"href":"https:\/\/aviya-residence.com\/aviya\/wp-json\/wp\/v2\/media"}],"about":[{"href":"https:\/\/aviya-residence.com\/aviya\/wp-json\/wp\/v2\/types\/attachment"}],"author":[{"embeddable":true,"href":"https:\/\/aviya-residence.com\/aviya\/wp-json\/wp\/v2\/users\/1"}],"replies":[{"embeddable":true,"href":"https:\/\/aviya-residence.com\/aviya\/wp-json\/wp\/v2\/comments?post=67"}]}},{"id":64,"date":"2022-08-23T10:05:07","date_gmt":"2022-08-23T10:05:07","guid":{"rendered":"http:\/\/aviya-residence.com\/aviya\/wp-content\/uploads\/2022\/08\/InShot_20220823_110313931.jpg"},"modified":"2022-08-23T10:05:07","modified_gmt":"2022-08-23T10:05:07","slug":"inshot_20220823_110313931","status":"inherit","type":"attachment","link":"https:\/\/aviya-residence.com\/aviya\/properties\/5-bedroom-terrace-duplex-with-a-penthouse-maid-room\/inshot_20220823_110313931\/","title":{"rendered":"InShot_20220823_110313931"},"author":2,"comment_status":"open","ping_status":"closed","template":"","meta":[],"acf":[],"description":{"rendered":"<p class=\"attachment\"><a href='https:\/\/aviya-residence.com\/aviya\/wp-content\/uploads\/2022\/08\/InShot_20220823_110313931-scaled.jpg'><img width=\"300\" height=\"212\" src=\"https:\/\/aviya-residence.com\/aviya\/wp-content\/uploads\/2022\/08\/InShot_20220823_110313931-300x212.jpg\" class=\"attachment-medium size-medium\" alt=\"\" loading=\"lazy\" srcset=\"https:\/\/aviya-residence.com\/aviya\/wp-content\/uploads\/2022\/08\/InShot_20220823_110313931-300x212.jpg 300w, https:\/\/aviya-residence.com\/aviya\/wp-content\/uploads\/2022\/08\/InShot_20220823_110313931-1024x724.jpg 1024w, https:\/\/aviya-residence.com\/aviya\/wp-content\/uploads\/2022\/08\/InShot_20220823_110313931-768x543.jpg 768w, https:\/\/aviya-residence.com\/aviya\/wp-content\/uploads\/2022\/08\/InShot_20220823_110313931-1536x1086.jpg 1536w, https:\/\/aviya-residence.com\/aviya\/wp-content\/uploads\/2022\/08\/InShot_20220823_110313931-2048x1448.jpg 2048w\" sizes=\"(max-width: 300px) 100vw, 300px\" \/><\/a><\/p>\n"},"caption":{"rendered":""},"alt_text":"","media_type":"image","mime_type":"image\/jpeg","media_details":{"width":2560,"height":1810,"file":"2022\/08\/InShot_20220823_110313931-scaled.jpg","filesize":673623,"sizes":{"medium":{"file":"InShot_20220823_110313931-300x212.jpg","width":300,"height":212,"filesize":19443,"mime_type":"image\/jpeg","source_url":"https:\/\/aviya-residence.com\/aviya\/wp-content\/uploads\/2022\/08\/InShot_20220823_110313931-300x212.jpg"},"large":{"file":"InShot_20220823_110313931-1024x724.jpg","width":1024,"height":724,"filesize":154915,"mime_type":"image\/jpeg","source_url":"https:\/\/aviya-residence.com\/aviya\/wp-content\/uploads\/2022\/08\/InShot_20220823_110313931-1024x724.jpg"},"thumbnail":{"file":"InShot_20220823_110313931-150x150.jpg","width":150,"height":150,"filesize":8485,"mime_type":"image\/jpeg","source_url":"https:\/\/aviya-residence.com\/aviya\/wp-content\/uploads\/2022\/08\/InShot_20220823_110313931-150x150.jpg"},"medium_large":{"file":"InShot_20220823_110313931-768x543.jpg","width":768,"height":543,"filesize":95167,"mime_type":"image\/jpeg","source_url":"https:\/\/aviya-residence.com\/aviya\/wp-content\/uploads\/2022\/08\/InShot_20220823_110313931-768x543.jpg"},"1536x1536":{"file":"InShot_20220823_110313931-1536x1086.jpg","width":1536,"height":1086,"filesize":300677,"mime_type":"image\/jpeg","source_url":"https:\/\/aviya-residence.com\/aviya\/wp-content\/uploads\/2022\/08\/InShot_20220823_110313931-1536x1086.jpg"},"2048x2048":{"file":"InShot_20220823_110313931-2048x1448.jpg","width":2048,"height":1448,"filesize":475445,"mime_type":"image\/jpeg","source_url":"https:\/\/aviya-residence.com\/aviya\/wp-content\/uploads\/2022\/08\/InShot_20220823_110313931-2048x1448.jpg"},"full":{"file":"InShot_20220823_110313931-scaled.jpg","width":2560,"height":1810,"mime_type":"image\/jpeg","source_url":"https:\/\/aviya-residence.com\/aviya\/wp-content\/uploads\/2022\/08\/InShot_20220823_110313931-scaled.jpg"}},"image_meta":{"aperture":"0","credit":"","camera":"","caption":"","created_timestamp":"0","copyright":"","focal_length":"0","iso":"0","shutter_speed":"0","title":"","orientation":"0","keywords":[]},"original_image":"InShot_20220823_110313931.jpg"},"post":59,"source_url":"https:\/\/aviya-residence.com\/aviya\/wp-content\/uploads\/2022\/08\/InShot_20220823_110313931-scaled.jpg","_links":{"self":[{"href":"https:\/\/aviya-residence.com\/aviya\/wp-json\/wp\/v2\/media\/64"}],"collection":[{"href":"https:\/\/aviya-residence.com\/aviya\/wp-json\/wp\/v2\/media"}],"about":[{"href":"https:\/\/aviya-residence.com\/aviya\/wp-json\/wp\/v2\/types\/attachment"}],"author":[{"embeddable":true,"href":"https:\/\/aviya-residence.com\/aviya\/wp-json\/wp\/v2\/users\/2"}],"replies":[{"embeddable":true,"href":"https:\/\/aviya-residence.com\/aviya\/wp-json\/wp\/v2\/comments?post=64"}]}},{"id":51,"date":"2022-08-15T14:13:38","date_gmt":"2022-08-15T14:13:38","guid":{"rendered":"http:\/\/aviya-residence.com\/aviya\/wp-content\/uploads\/2022\/08\/300sqm-semi-detatched.jpeg"},"modified":"2022-08-15T14:13:38","modified_gmt":"2022-08-15T14:13:38","slug":"300sqm-semi-detatched","status":"inherit","type":"attachment","link":"https:\/\/aviya-residence.com\/aviya\/properties\/4-bedroom-fully-detached-duplex-with-bq\/300sqm-semi-detatched\/","title":{"rendered":"300sqm semi detatched"},"author":2,"comment_status":"open","ping_status":"closed","template":"","meta":[],"acf":[],"description":{"rendered":"<p class=\"attachment\"><a href='https:\/\/aviya-residence.com\/aviya\/wp-content\/uploads\/2022\/08\/300sqm-semi-detatched.jpeg'><img width=\"300\" height=\"203\" src=\"https:\/\/aviya-residence.com\/aviya\/wp-content\/uploads\/2022\/08\/300sqm-semi-detatched-300x203.jpeg\" class=\"attachment-medium size-medium\" alt=\"\" loading=\"lazy\" srcset=\"https:\/\/aviya-residence.com\/aviya\/wp-content\/uploads\/2022\/08\/300sqm-semi-detatched-300x203.jpeg 300w, https:\/\/aviya-residence.com\/aviya\/wp-content\/uploads\/2022\/08\/300sqm-semi-detatched-1024x692.jpeg 1024w, https:\/\/aviya-residence.com\/aviya\/wp-content\/uploads\/2022\/08\/300sqm-semi-detatched-768x519.jpeg 768w, https:\/\/aviya-residence.com\/aviya\/wp-content\/uploads\/2022\/08\/300sqm-semi-detatched.jpeg 1125w\" sizes=\"(max-width: 300px) 100vw, 300px\" \/><\/a><\/p>\n"},"caption":{"rendered":""},"alt_text":"","media_type":"image","mime_type":"image\/jpeg","media_details":{"width":1125,"height":760,"file":"2022\/08\/300sqm-semi-detatched.jpeg","filesize":140036,"sizes":{"medium":{"file":"300sqm-semi-detatched-300x203.jpeg","width":300,"height":203,"filesize":16615,"mime_type":"image\/jpeg","source_url":"https:\/\/aviya-residence.com\/aviya\/wp-content\/uploads\/2022\/08\/300sqm-semi-detatched-300x203.jpeg"},"large":{"file":"300sqm-semi-detatched-1024x692.jpeg","width":1024,"height":692,"filesize":119949,"mime_type":"image\/jpeg","source_url":"https:\/\/aviya-residence.com\/aviya\/wp-content\/uploads\/2022\/08\/300sqm-semi-detatched-1024x692.jpeg"},"thumbnail":{"file":"300sqm-semi-detatched-150x150.jpeg","width":150,"height":150,"filesize":7459,"mime_type":"image\/jpeg","source_url":"https:\/\/aviya-residence.com\/aviya\/wp-content\/uploads\/2022\/08\/300sqm-semi-detatched-150x150.jpeg"},"medium_large":{"file":"300sqm-semi-detatched-768x519.jpeg","width":768,"height":519,"filesize":74457,"mime_type":"image\/jpeg","source_url":"https:\/\/aviya-residence.com\/aviya\/wp-content\/uploads\/2022\/08\/300sqm-semi-detatched-768x519.jpeg"},"full":{"file":"300sqm-semi-detatched.jpeg","width":1125,"height":760,"mime_type":"image\/jpeg","source_url":"https:\/\/aviya-residence.com\/aviya\/wp-content\/uploads\/2022\/08\/300sqm-semi-detatched.jpeg"}},"image_meta":{"aperture":"0","credit":"","camera":"","caption":"","created_timestamp":"0","copyright":"","focal_length":"0","iso":"0","shutter_speed":"0","title":"","orientation":"0","keywords":[]}},"post":32,"source_url":"https:\/\/aviya-residence.com\/aviya\/wp-content\/uploads\/2022\/08\/300sqm-semi-detatched.jpeg","_links":{"self":[{"href":"https:\/\/aviya-residence.com\/aviya\/wp-json\/wp\/v2\/media\/51"}],"collection":[{"href":"https:\/\/aviya-residence.com\/aviya\/wp-json\/wp\/v2\/media"}],"about":[{"href":"https:\/\/aviya-residence.com\/aviya\/wp-json\/wp\/v2\/types\/attachment"}],"author":[{"embeddable":true,"href":"https:\/\/aviya-residence.com\/aviya\/wp-json\/wp\/v2\/users\/2"}],"replies":[{"embeddable":true,"href":"https:\/\/aviya-residence.com\/aviya\/wp-json\/wp\/v2\/comments?post=51"}]}},{"id":48,"date":"2022-08-11T15:32:55","date_gmt":"2022-08-11T15:32:55","guid":{"rendered":"http:\/\/aviya-residence.com\/aviya\/wp-content\/uploads\/2022\/08\/WhatsApp-Image-2022-08-09-at-1-1.png"},"modified":"2022-08-11T15:34:17","modified_gmt":"2022-08-11T15:34:17","slug":"whatsapp-image-2022-08-09-at-1-2","status":"inherit","type":"attachment","link":"https:\/\/aviya-residence.com\/aviya\/whatsapp-image-2022-08-09-at-1-2\/","title":{"rendered":"WhatsApp Image 2022-08-09 at 1"},"author":2,"comment_status":"open","ping_status":"closed","template":"","meta":[],"acf":[],"description":{"rendered":"<p class=\"attachment\"><a href='https:\/\/aviya-residence.com\/aviya\/wp-content\/uploads\/2022\/08\/WhatsApp-Image-2022-08-09-at-1-1.png'><img width=\"300\" height=\"290\" src=\"https:\/\/aviya-residence.com\/aviya\/wp-content\/uploads\/2022\/08\/WhatsApp-Image-2022-08-09-at-1-1-300x290.png\" class=\"attachment-medium size-medium\" alt=\"C.E.O, AVIYA RESIDENCE AND APARTMENTS LTD\" loading=\"lazy\" srcset=\"https:\/\/aviya-residence.com\/aviya\/wp-content\/uploads\/2022\/08\/WhatsApp-Image-2022-08-09-at-1-1-300x290.png 300w, https:\/\/aviya-residence.com\/aviya\/wp-content\/uploads\/2022\/08\/WhatsApp-Image-2022-08-09-at-1-1.png 473w\" sizes=\"(max-width: 300px) 100vw, 300px\" \/><\/a><\/p>\n"},"caption":{"rendered":""},"alt_text":"C.E.O, AVIYA RESIDENCE AND APARTMENTS LTD","media_type":"image","mime_type":"image\/png","media_details":{"width":473,"height":458,"file":"2022\/08\/WhatsApp-Image-2022-08-09-at-1-1.png","filesize":275776,"sizes":{"medium":{"file":"WhatsApp-Image-2022-08-09-at-1-1-300x290.png","width":300,"height":290,"filesize":127450,"mime_type":"image\/png","source_url":"https:\/\/aviya-residence.com\/aviya\/wp-content\/uploads\/2022\/08\/WhatsApp-Image-2022-08-09-at-1-1-300x290.png"},"thumbnail":{"file":"WhatsApp-Image-2022-08-09-at-1-1-150x150.png","width":150,"height":150,"filesize":39515,"mime_type":"image\/png","source_url":"https:\/\/aviya-residence.com\/aviya\/wp-content\/uploads\/2022\/08\/WhatsApp-Image-2022-08-09-at-1-1-150x150.png"},"full":{"file":"WhatsApp-Image-2022-08-09-at-1-1.png","width":473,"height":458,"mime_type":"image\/png","source_url":"https:\/\/aviya-residence.com\/aviya\/wp-content\/uploads\/2022\/08\/WhatsApp-Image-2022-08-09-at-1-1.png"}},"image_meta":{"aperture":"0","credit":"","camera":"","caption":"","created_timestamp":"0","copyright":"","focal_length":"0","iso":"0","shutter_speed":"0","title":"","orientation":"0","keywords":[]}},"post":null,"source_url":"https:\/\/aviya-residence.com\/aviya\/wp-content\/uploads\/2022\/08\/WhatsApp-Image-2022-08-09-at-1-1.png","_links":{"self":[{"href":"https:\/\/aviya-residence.com\/aviya\/wp-json\/wp\/v2\/media\/48"}],"collection":[{"href":"https:\/\/aviya-residence.com\/aviya\/wp-json\/wp\/v2\/media"}],"about":[{"href":"https:\/\/aviya-residence.com\/aviya\/wp-json\/wp\/v2\/types\/attachment"}],"author":[{"embeddable":true,"href":"https:\/\/aviya-residence.com\/aviya\/wp-json\/wp\/v2\/users\/2"}],"replies":[{"embeddable":true,"href":"https:\/\/aviya-residence.com\/aviya\/wp-json\/wp\/v2\/comments?post=48"}]}},{"id":44,"date":"2022-08-11T11:50:44","date_gmt":"2022-08-11T11:50:44","guid":{"rendered":"http:\/\/aviya-residence.com\/aviya\/wp-content\/uploads\/2022\/08\/Screenshot-16.png"},"modified":"2022-08-11T11:50:44","modified_gmt":"2022-08-11T11:50:44","slug":"screenshot-16","status":"inherit","type":"attachment","link":"https:\/\/aviya-residence.com\/aviya\/videos\/our-surveyor-at-aviya-residence-and-apartments-at-katampe-extension-gives-details-about-our-site\/screenshot-16\/","title":{"rendered":"Screenshot-16"},"author":2,"comment_status":"open","ping_status":"closed","template":"","meta":[],"acf":[],"description":{"rendered":"<p class=\"attachment\"><a href='https:\/\/aviya-residence.com\/aviya\/wp-content\/uploads\/2022\/08\/Screenshot-16.png'><img width=\"176\" height=\"300\" src=\"https:\/\/aviya-residence.com\/aviya\/wp-content\/uploads\/2022\/08\/Screenshot-16-176x300.png\" class=\"attachment-medium size-medium\" alt=\"\" loading=\"lazy\" srcset=\"https:\/\/aviya-residence.com\/aviya\/wp-content\/uploads\/2022\/08\/Screenshot-16-176x300.png 176w, https:\/\/aviya-residence.com\/aviya\/wp-content\/uploads\/2022\/08\/Screenshot-16-601x1024.png 601w, https:\/\/aviya-residence.com\/aviya\/wp-content\/uploads\/2022\/08\/Screenshot-16.png 602w\" sizes=\"(max-width: 176px) 100vw, 176px\" \/><\/a><\/p>\n"},"caption":{"rendered":""},"alt_text":"","media_type":"image","mime_type":"image\/png","media_details":{"width":602,"height":1026,"file":"2022\/08\/Screenshot-16.png","filesize":954010,"sizes":{"medium":{"file":"Screenshot-16-176x300.png","width":176,"height":300,"filesize":108668,"mime_type":"image\/png","source_url":"https:\/\/aviya-residence.com\/aviya\/wp-content\/uploads\/2022\/08\/Screenshot-16-176x300.png"},"large":{"file":"Screenshot-16-601x1024.png","width":601,"height":1024,"filesize":854483,"mime_type":"image\/png","source_url":"https:\/\/aviya-residence.com\/aviya\/wp-content\/uploads\/2022\/08\/Screenshot-16-601x1024.png"},"thumbnail":{"file":"Screenshot-16-150x150.png","width":150,"height":150,"filesize":53423,"mime_type":"image\/png","source_url":"https:\/\/aviya-residence.com\/aviya\/wp-content\/uploads\/2022\/08\/Screenshot-16-150x150.png"},"full":{"file":"Screenshot-16.png","width":602,"height":1026,"mime_type":"image\/png","source_url":"https:\/\/aviya-residence.com\/aviya\/wp-content\/uploads\/2022\/08\/Screenshot-16.png"}},"image_meta":{"aperture":"0","credit":"","camera":"","caption":"","created_timestamp":"0","copyright":"","focal_length":"0","iso":"0","shutter_speed":"0","title":"","orientation":"0","keywords":[]}},"post":43,"source_url":"https:\/\/aviya-residence.com\/aviya\/wp-content\/uploads\/2022\/08\/Screenshot-16.png","_links":{"self":[{"href":"https:\/\/aviya-residence.com\/aviya\/wp-json\/wp\/v2\/media\/44"}],"collection":[{"href":"https:\/\/aviya-residence.com\/aviya\/wp-json\/wp\/v2\/media"}],"about":[{"href":"https:\/\/aviya-residence.com\/aviya\/wp-json\/wp\/v2\/types\/attachment"}],"author":[{"embeddable":true,"href":"https:\/\/aviya-residence.com\/aviya\/wp-json\/wp\/v2\/users\/2"}],"replies":[{"embeddable":true,"href":"https:\/\/aviya-residence.com\/aviya\/wp-json\/wp\/v2\/comments?post=44"}]}},{"id":41,"date":"2022-08-11T09:59:03","date_gmt":"2022-08-11T09:59:03","guid":{"rendered":"http:\/\/aviya-residence.com\/aviya\/wp-content\/uploads\/2022\/08\/WhatsApp-Image-2022-08-09-at-1.png"},"modified":"2022-08-11T10:03:22","modified_gmt":"2022-08-11T10:03:22","slug":"whatsapp-image-2022-08-09-at-1","status":"inherit","type":"attachment","link":"https:\/\/aviya-residence.com\/aviya\/whatsapp-image-2022-08-09-at-1\/","title":{"rendered":"C.E.O, Aviya Residence and Apartments LTD"},"author":2,"comment_status":"open","ping_status":"closed","template":"","meta":[],"acf":[],"description":{"rendered":"<p class=\"attachment\"><a href='https:\/\/aviya-residence.com\/aviya\/wp-content\/uploads\/2022\/08\/WhatsApp-Image-2022-08-09-at-1.png'><img width=\"300\" height=\"290\" src=\"https:\/\/aviya-residence.com\/aviya\/wp-content\/uploads\/2022\/08\/WhatsApp-Image-2022-08-09-at-1-300x290.png\" class=\"attachment-medium size-medium\" alt=\"\" loading=\"lazy\" srcset=\"https:\/\/aviya-residence.com\/aviya\/wp-content\/uploads\/2022\/08\/WhatsApp-Image-2022-08-09-at-1-300x290.png 300w, https:\/\/aviya-residence.com\/aviya\/wp-content\/uploads\/2022\/08\/WhatsApp-Image-2022-08-09-at-1.png 473w\" sizes=\"(max-width: 300px) 100vw, 300px\" \/><\/a><\/p>\n"},"caption":{"rendered":""},"alt_text":"","media_type":"image","mime_type":"image\/png","media_details":{"width":473,"height":458,"file":"2022\/08\/WhatsApp-Image-2022-08-09-at-1.png","filesize":275776,"sizes":{"medium":{"file":"WhatsApp-Image-2022-08-09-at-1-300x290.png","width":300,"height":290,"filesize":127450,"mime_type":"image\/png","source_url":"https:\/\/aviya-residence.com\/aviya\/wp-content\/uploads\/2022\/08\/WhatsApp-Image-2022-08-09-at-1-300x290.png"},"thumbnail":{"file":"WhatsApp-Image-2022-08-09-at-1-150x150.png","width":150,"height":150,"filesize":39515,"mime_type":"image\/png","source_url":"https:\/\/aviya-residence.com\/aviya\/wp-content\/uploads\/2022\/08\/WhatsApp-Image-2022-08-09-at-1-150x150.png"},"full":{"file":"WhatsApp-Image-2022-08-09-at-1.png","width":473,"height":458,"mime_type":"image\/png","source_url":"https:\/\/aviya-residence.com\/aviya\/wp-content\/uploads\/2022\/08\/WhatsApp-Image-2022-08-09-at-1.png"}},"image_meta":{"aperture":"0","credit":"","camera":"","caption":"","created_timestamp":"0","copyright":"","focal_length":"0","iso":"0","shutter_speed":"0","title":"","orientation":"0","keywords":[]}},"post":null,"source_url":"https:\/\/aviya-residence.com\/aviya\/wp-content\/uploads\/2022\/08\/WhatsApp-Image-2022-08-09-at-1.png","_links":{"self":[{"href":"https:\/\/aviya-residence.com\/aviya\/wp-json\/wp\/v2\/media\/41"}],"collection":[{"href":"https:\/\/aviya-residence.com\/aviya\/wp-json\/wp\/v2\/media"}],"about":[{"href":"https:\/\/aviya-residence.com\/aviya\/wp-json\/wp\/v2\/types\/attachment"}],"author":[{"embeddable":true,"href":"https:\/\/aviya-residence.com\/aviya\/wp-json\/wp\/v2\/users\/2"}],"replies":[{"embeddable":true,"href":"https:\/\/aviya-residence.com\/aviya\/wp-json\/wp\/v2\/comments?post=41"}]}},{"id":33,"date":"2022-08-10T15:23:24","date_gmt":"2022-08-10T15:23:24","guid":{"rendered":"http:\/\/aviya-residence.com\/aviya\/wp-content\/uploads\/2022\/08\/slider4-1.jpg"},"modified":"2022-08-10T15:23:24","modified_gmt":"2022-08-10T15:23:24","slug":"slider4-2","status":"inherit","type":"attachment","link":"https:\/\/aviya-residence.com\/aviya\/properties\/4-bedroom-fully-detached-duplex-with-bq\/slider4-2\/","title":{"rendered":"slider4"},"author":2,"comment_status":"open","ping_status":"closed","template":"","meta":[],"acf":[],"description":{"rendered":"<p class=\"attachment\"><a href='https:\/\/aviya-residence.com\/aviya\/wp-content\/uploads\/2022\/08\/slider4-1.jpg'><img width=\"300\" height=\"300\" src=\"https:\/\/aviya-residence.com\/aviya\/wp-content\/uploads\/2022\/08\/slider4-1-300x300.jpg\" class=\"attachment-medium size-medium\" alt=\"\" loading=\"lazy\" srcset=\"https:\/\/aviya-residence.com\/aviya\/wp-content\/uploads\/2022\/08\/slider4-1-300x300.jpg 300w, https:\/\/aviya-residence.com\/aviya\/wp-content\/uploads\/2022\/08\/slider4-1-150x150.jpg 150w, https:\/\/aviya-residence.com\/aviya\/wp-content\/uploads\/2022\/08\/slider4-1-768x768.jpg 768w, https:\/\/aviya-residence.com\/aviya\/wp-content\/uploads\/2022\/08\/slider4-1.jpg 1000w\" sizes=\"(max-width: 300px) 100vw, 300px\" \/><\/a><\/p>\n"},"caption":{"rendered":""},"alt_text":"","media_type":"image","mime_type":"image\/jpeg","media_details":{"width":1000,"height":1000,"file":"2022\/08\/slider4-1.jpg","filesize":151816,"sizes":{"medium":{"file":"slider4-1-300x300.jpg","width":300,"height":300,"filesize":26478,"mime_type":"image\/jpeg","source_url":"https:\/\/aviya-residence.com\/aviya\/wp-content\/uploads\/2022\/08\/slider4-1-300x300.jpg"},"thumbnail":{"file":"slider4-1-150x150.jpg","width":150,"height":150,"filesize":7807,"mime_type":"image\/jpeg","source_url":"https:\/\/aviya-residence.com\/aviya\/wp-content\/uploads\/2022\/08\/slider4-1-150x150.jpg"},"medium_large":{"file":"slider4-1-768x768.jpg","width":768,"height":768,"filesize":149978,"mime_type":"image\/jpeg","source_url":"https:\/\/aviya-residence.com\/aviya\/wp-content\/uploads\/2022\/08\/slider4-1-768x768.jpg"},"full":{"file":"slider4-1.jpg","width":1000,"height":1000,"mime_type":"image\/jpeg","source_url":"https:\/\/aviya-residence.com\/aviya\/wp-content\/uploads\/2022\/08\/slider4-1.jpg"}},"image_meta":{"aperture":"0","credit":"","camera":"","caption":"","created_timestamp":"0","copyright":"","focal_length":"0","iso":"0","shutter_speed":"0","title":"","orientation":"0","keywords":[]}},"post":32,"source_url":"https:\/\/aviya-residence.com\/aviya\/wp-content\/uploads\/2022\/08\/slider4-1.jpg","_links":{"self":[{"href":"https:\/\/aviya-residence.com\/aviya\/wp-json\/wp\/v2\/media\/33"}],"collection":[{"href":"https:\/\/aviya-residence.com\/aviya\/wp-json\/wp\/v2\/media"}],"about":[{"href":"https:\/\/aviya-residence.com\/aviya\/wp-json\/wp\/v2\/types\/attachment"}],"author":[{"embeddable":true,"href":"https:\/\/aviya-residence.com\/aviya\/wp-json\/wp\/v2\/users\/2"}],"replies":[{"embeddable":true,"href":"https:\/\/aviya-residence.com\/aviya\/wp-json\/wp\/v2\/comments?post=33"}]}},{"id":29,"date":"2022-08-10T10:05:49","date_gmt":"2022-08-10T10:05:49","guid":{"rendered":"http:\/\/aviya-residence.com\/aviya\/wp-content\/uploads\/2022\/08\/slider8.jpg"},"modified":"2022-08-10T10:05:49","modified_gmt":"2022-08-10T10:05:49","slug":"slider8","status":"inherit","type":"attachment","link":"https:\/\/aviya-residence.com\/aviya\/properties\/5-bedroom-fully-detached-with-bq\/slider8\/","title":{"rendered":"slider8"},"author":2,"comment_status":"open","ping_status":"closed","template":"","meta":[],"acf":[],"description":{"rendered":"<p class=\"attachment\"><a href='https:\/\/aviya-residence.com\/aviya\/wp-content\/uploads\/2022\/08\/slider8.jpg'><img width=\"300\" height=\"300\" src=\"https:\/\/aviya-residence.com\/aviya\/wp-content\/uploads\/2022\/08\/slider8-300x300.jpg\" class=\"attachment-medium size-medium\" alt=\"\" loading=\"lazy\" srcset=\"https:\/\/aviya-residence.com\/aviya\/wp-content\/uploads\/2022\/08\/slider8-300x300.jpg 300w, https:\/\/aviya-residence.com\/aviya\/wp-content\/uploads\/2022\/08\/slider8-150x150.jpg 150w, https:\/\/aviya-residence.com\/aviya\/wp-content\/uploads\/2022\/08\/slider8-768x768.jpg 768w, https:\/\/aviya-residence.com\/aviya\/wp-content\/uploads\/2022\/08\/slider8.jpg 1000w\" sizes=\"(max-width: 300px) 100vw, 300px\" \/><\/a><\/p>\n"},"caption":{"rendered":""},"alt_text":"","media_type":"image","mime_type":"image\/jpeg","media_details":{"width":1000,"height":1000,"file":"2022\/08\/slider8.jpg","filesize":324920,"sizes":{"medium":{"file":"slider8-300x300.jpg","width":300,"height":300,"filesize":25176,"mime_type":"image\/jpeg","source_url":"https:\/\/aviya-residence.com\/aviya\/wp-content\/uploads\/2022\/08\/slider8-300x300.jpg"},"thumbnail":{"file":"slider8-150x150.jpg","width":150,"height":150,"filesize":7135,"mime_type":"image\/jpeg","source_url":"https:\/\/aviya-residence.com\/aviya\/wp-content\/uploads\/2022\/08\/slider8-150x150.jpg"},"medium_large":{"file":"slider8-768x768.jpg","width":768,"height":768,"filesize":153133,"mime_type":"image\/jpeg","source_url":"https:\/\/aviya-residence.com\/aviya\/wp-content\/uploads\/2022\/08\/slider8-768x768.jpg"},"full":{"file":"slider8.jpg","width":1000,"height":1000,"mime_type":"image\/jpeg","source_url":"https:\/\/aviya-residence.com\/aviya\/wp-content\/uploads\/2022\/08\/slider8.jpg"}},"image_meta":{"aperture":"0","credit":"","camera":"","caption":"","created_timestamp":"1653652366","copyright":"","focal_length":"0","iso":"0","shutter_speed":"0","title":"","orientation":"1","keywords":[]}},"post":27,"source_url":"https:\/\/aviya-residence.com\/aviya\/wp-content\/uploads\/2022\/08\/slider8.jpg","_links":{"self":[{"href":"https:\/\/aviya-residence.com\/aviya\/wp-json\/wp\/v2\/media\/29"}],"collection":[{"href":"https:\/\/aviya-residence.com\/aviya\/wp-json\/wp\/v2\/media"}],"about":[{"href":"https:\/\/aviya-residence.com\/aviya\/wp-json\/wp\/v2\/types\/attachment"}],"author":[{"embeddable":true,"href":"https:\/\/aviya-residence.com\/aviya\/wp-json\/wp\/v2\/users\/2"}],"replies":[{"embeddable":true,"href":"https:\/\/aviya-residence.com\/aviya\/wp-json\/wp\/v2\/comments?post=29"}]}},{"id":28,"date":"2022-08-10T10:03:29","date_gmt":"2022-08-10T10:03:29","guid":{"rendered":"http:\/\/aviya-residence.com\/aviya\/wp-content\/uploads\/2022\/08\/slider7.jpg"},"modified":"2022-08-10T10:03:29","modified_gmt":"2022-08-10T10:03:29","slug":"slider7","status":"inherit","type":"attachment","link":"https:\/\/aviya-residence.com\/aviya\/properties\/5-bedroom-fully-detached-with-bq\/slider7\/","title":{"rendered":"slider7"},"author":2,"comment_status":"open","ping_status":"closed","template":"","meta":[],"acf":[],"description":{"rendered":"<p class=\"attachment\"><a href='https:\/\/aviya-residence.com\/aviya\/wp-content\/uploads\/2022\/08\/slider7.jpg'><img width=\"300\" height=\"297\" src=\"https:\/\/aviya-residence.com\/aviya\/wp-content\/uploads\/2022\/08\/slider7-300x297.jpg\" class=\"attachment-medium size-medium\" alt=\"\" loading=\"lazy\" srcset=\"https:\/\/aviya-residence.com\/aviya\/wp-content\/uploads\/2022\/08\/slider7-300x297.jpg 300w, https:\/\/aviya-residence.com\/aviya\/wp-content\/uploads\/2022\/08\/slider7-1024x1014.jpg 1024w, https:\/\/aviya-residence.com\/aviya\/wp-content\/uploads\/2022\/08\/slider7-150x150.jpg 150w, https:\/\/aviya-residence.com\/aviya\/wp-content\/uploads\/2022\/08\/slider7-768x760.jpg 768w, https:\/\/aviya-residence.com\/aviya\/wp-content\/uploads\/2022\/08\/slider7.jpg 1080w\" sizes=\"(max-width: 300px) 100vw, 300px\" \/><\/a><\/p>\n"},"caption":{"rendered":""},"alt_text":"","media_type":"image","mime_type":"image\/jpeg","media_details":{"width":1080,"height":1069,"file":"2022\/08\/slider7.jpg","filesize":110288,"sizes":{"medium":{"file":"slider7-300x297.jpg","width":300,"height":297,"filesize":19627,"mime_type":"image\/jpeg","source_url":"https:\/\/aviya-residence.com\/aviya\/wp-content\/uploads\/2022\/08\/slider7-300x297.jpg"},"large":{"file":"slider7-1024x1014.jpg","width":1024,"height":1014,"filesize":148996,"mime_type":"image\/jpeg","source_url":"https:\/\/aviya-residence.com\/aviya\/wp-content\/uploads\/2022\/08\/slider7-1024x1014.jpg"},"thumbnail":{"file":"slider7-150x150.jpg","width":150,"height":150,"filesize":6590,"mime_type":"image\/jpeg","source_url":"https:\/\/aviya-residence.com\/aviya\/wp-content\/uploads\/2022\/08\/slider7-150x150.jpg"},"medium_large":{"file":"slider7-768x760.jpg","width":768,"height":760,"filesize":95099,"mime_type":"image\/jpeg","source_url":"https:\/\/aviya-residence.com\/aviya\/wp-content\/uploads\/2022\/08\/slider7-768x760.jpg"},"full":{"file":"slider7.jpg","width":1080,"height":1069,"mime_type":"image\/jpeg","source_url":"https:\/\/aviya-residence.com\/aviya\/wp-content\/uploads\/2022\/08\/slider7.jpg"}},"image_meta":{"aperture":"0","credit":"","camera":"","caption":"","created_timestamp":"0","copyright":"","focal_length":"0","iso":"0","shutter_speed":"0","title":"","orientation":"0","keywords":[]}},"post":27,"source_url":"https:\/\/aviya-residence.com\/aviya\/wp-content\/uploads\/2022\/08\/slider7.jpg","_links":{"self":[{"href":"https:\/\/aviya-residence.com\/aviya\/wp-json\/wp\/v2\/media\/28"}],"collection":[{"href":"https:\/\/aviya-residence.com\/aviya\/wp-json\/wp\/v2\/media"}],"about":[{"href":"https:\/\/aviya-residence.com\/aviya\/wp-json\/wp\/v2\/types\/attachment"}],"author":[{"embeddable":true,"href":"https:\/\/aviya-residence.com\/aviya\/wp-json\/wp\/v2\/users\/2"}],"replies":[{"embeddable":true,"href":"https:\/\/aviya-residence.com\/aviya\/wp-json\/wp\/v2\/comments?post=28"}]}}]