[{"id":59,"date":"2022-08-23T09:47:08","date_gmt":"2022-08-23T09:47:08","guid":{"rendered":"http:\/\/aviya-residence.com\/aviya\/?post_type=properties&#038;p=59"},"modified":"2022-08-23T17:37:11","modified_gmt":"2022-08-23T17:37:11","slug":"5-bedroom-terrace-duplex-with-a-penthouse-maid-room","status":"publish","type":"properties","link":"https:\/\/aviya-residence.com\/aviya\/properties\/5-bedroom-terrace-duplex-with-a-penthouse-maid-room\/","title":{"rendered":"5 Bedroom terrace duplex with a penthouse + maid room. (File number: 60020)"},"content":{"rendered":"","protected":false},"featured_media":0,"template":"","acf":{"title":"5 BEDROOM TERRACE DUPLEX WITH A PENTHOUSE + MAID ROOM  (FILE NUMBER: 60020)","short_description":"FILE NUMBER: TR 60020 (GUZAPE TERRACE) ","price":95000000,"location":"Guzape, Abuja.","size":"","photo":64,"long_description":"<blockquote><img class=\"alignnone size-medium wp-image-64\" src=\"http:\/\/aviya-residence.com\/aviya\/wp-content\/uploads\/2022\/08\/InShot_20220823_110313931-300x212.jpg\" alt=\"\" width=\"300\" height=\"212\" \/><img class=\"alignnone size-medium wp-image-64 alignleft\" src=\"http:\/\/aviya-residence.com\/aviya\/wp-content\/uploads\/2022\/08\/InShot_20220823_110313931-300x212.jpg\" alt=\"\" width=\"300\" height=\"212\" \/><img class=\"alignnone size-medium wp-image-58 alignleft\" src=\"http:\/\/aviya-residence.com\/aviya\/wp-content\/uploads\/2022\/08\/FINAL-SHOTS_4-Photo-300x169.jpg\" alt=\"\" width=\"300\" height=\"169\" \/><img class=\"alignnone size-medium wp-image-56\" src=\"http:\/\/aviya-residence.com\/aviya\/wp-content\/uploads\/2022\/08\/TOP-VIEW-300x212.jpg\" alt=\"\" width=\"300\" height=\"212\" \/><img class=\"alignnone size-medium wp-image-56\" src=\"http:\/\/aviya-residence.com\/aviya\/wp-content\/uploads\/2022\/08\/TOP-VIEW-300x212.jpg\" alt=\"\" width=\"300\" height=\"212\" \/><\/blockquote>\r\n<!--more-->","bedrooms":5,"others":"TERRACE DUPLEX  WITH A PENTHOUSE + MAID ROOM"},"_links":{"self":[{"href":"https:\/\/aviya-residence.com\/aviya\/wp-json\/wp\/v2\/properties\/59"}],"collection":[{"href":"https:\/\/aviya-residence.com\/aviya\/wp-json\/wp\/v2\/properties"}],"about":[{"href":"https:\/\/aviya-residence.com\/aviya\/wp-json\/wp\/v2\/types\/properties"}],"wp:attachment":[{"href":"https:\/\/aviya-residence.com\/aviya\/wp-json\/wp\/v2\/media?parent=59"}],"curies":[{"name":"wp","href":"https:\/\/api.w.org\/{rel}","templated":true}]}},{"id":32,"date":"2022-08-10T15:21:08","date_gmt":"2022-08-10T15:21:08","guid":{"rendered":"https:\/\/aviya-residence.com\/aviya\/?post_type=properties&#038;p=32"},"modified":"2022-08-15T14:17:18","modified_gmt":"2022-08-15T14:17:18","slug":"4-bedroom-fully-detached-duplex-with-bq","status":"publish","type":"properties","link":"https:\/\/aviya-residence.com\/aviya\/properties\/4-bedroom-fully-detached-duplex-with-bq\/","title":{"rendered":"3 bedroom semi-detached  duplex with BQ"},"content":{"rendered":"","protected":false},"featured_media":0,"template":"","acf":{"title":"3 bedroom semi-detached  duplex with BQ","short_description":"3 bedroom semi-detached  duplex with BQ\r\nAviya Residence and Apartments, Katampe Extension, Abuja","price":15000000,"location":"Katampe Extension, Abuja","size":"300 SQ Metre","photo":51,"long_description":"<p style=\"text-align: center\"><img class=\"alignnone wp-image-51\" src=\"http:\/\/aviya-residence.com\/aviya\/wp-content\/uploads\/2022\/08\/300sqm-semi-detatched-300x203.jpeg\" alt=\"\" width=\"696\" height=\"471\" \/>4 bedroom fully detached duplex with BQ<\/p>\r\n<p style=\"text-align: center\">Aviya Residence and Apartments, Katampe Extension,\u00a0 Abuja<\/p>\r\n&nbsp;","bedrooms":3,"others":"BQ"},"_links":{"self":[{"href":"https:\/\/aviya-residence.com\/aviya\/wp-json\/wp\/v2\/properties\/32"}],"collection":[{"href":"https:\/\/aviya-residence.com\/aviya\/wp-json\/wp\/v2\/properties"}],"about":[{"href":"https:\/\/aviya-residence.com\/aviya\/wp-json\/wp\/v2\/types\/properties"}],"wp:attachment":[{"href":"https:\/\/aviya-residence.com\/aviya\/wp-json\/wp\/v2\/media?parent=32"}],"curies":[{"name":"wp","href":"https:\/\/api.w.org\/{rel}","templated":true}]}},{"id":31,"date":"2022-08-10T15:08:14","date_gmt":"2022-08-10T15:08:14","guid":{"rendered":"https:\/\/aviya-residence.com\/aviya\/?post_type=properties&#038;p=31"},"modified":"2022-08-15T10:57:11","modified_gmt":"2022-08-15T10:57:11","slug":"4-bedroom-fully-detached-duplex-with-bq-2","status":"publish","type":"properties","link":"https:\/\/aviya-residence.com\/aviya\/properties\/4-bedroom-fully-detached-duplex-with-bq-2\/","title":{"rendered":"4 bedroom fully detached  duplex with BQ"},"content":{"rendered":"","protected":false},"featured_media":0,"template":"","acf":{"title":"4 bedroom fully detached  duplex with BQ","short_description":"<div class=\"col-md-4\">\r\n              <article class=\"aa-properties-item\">\r\n                <a href=\"#\" class=\"aa-properties-item-img\">\r\n                  <img src=\"img\/slider\/slider8.jpg\" alt=\"img\">\r\n                <\/a>\r\n                <div class=\"aa-tag for-sale\">\r\n                  For Sale\r\n                <\/div>\r\n                <div class=\"aa-properties-item-content\">\r\n                  <div class=\"aa-properties-info\">\r\n                    <span>4 Bedrooms<\/span>\r\n                    <span>BQ<\/span>\r\n                    <span>300 SQ Metre<\/span>\r\n                  <\/div>\r\n                  <div class=\"aa-properties-about\">\r\n                    <h3><a href=\"#\">4 bedroom fully detached  duplex with BQ<\/a><\/h3>\r\n                    <p>Aviya Residence and Apartments, Katampe Extension, Abuja<\/p>                      \r\n                  <\/div>\r\n                  <div class=\"aa-properties-detial\">\r\n                    <span class=\"aa-price\">\r\n                      N17,000,000\r\n                    <\/span>\r\n                    <a href=\"#\" class=\"aa-secondary-btn\">View Details<\/a>\r\n                  <\/div>\r\n                <\/div>\r\n              <\/article>\r\n            <\/div>","price":18000000,"location":"Katampe Extension, Abuja","size":"400 SQ Metre","photo":29,"long_description":"<p style=\"text-align: center\">4 bedroom fully detached duplex with BQ<\/p>\r\n<p style=\"text-align: center\">Aviya Residence and Apartments, Katampe Extension, Abuja<\/p>\r\n<img class=\"wp-image-29 aligncenter\" src=\"http:\/\/aviya-residence.com\/aviya\/wp-content\/uploads\/2022\/08\/slider8-300x300.jpg\" alt=\"\" width=\"793\" height=\"793\" \/>","bedrooms":4,"others":"BQ"},"_links":{"self":[{"href":"https:\/\/aviya-residence.com\/aviya\/wp-json\/wp\/v2\/properties\/31"}],"collection":[{"href":"https:\/\/aviya-residence.com\/aviya\/wp-json\/wp\/v2\/properties"}],"about":[{"href":"https:\/\/aviya-residence.com\/aviya\/wp-json\/wp\/v2\/types\/properties"}],"wp:attachment":[{"href":"https:\/\/aviya-residence.com\/aviya\/wp-json\/wp\/v2\/media?parent=31"}],"curies":[{"name":"wp","href":"https:\/\/api.w.org\/{rel}","templated":true}]}},{"id":27,"date":"2022-08-10T10:29:29","date_gmt":"2022-08-10T10:29:29","guid":{"rendered":"https:\/\/aviya-residence.com\/aviya\/?post_type=properties&#038;p=27"},"modified":"2022-08-15T10:28:35","modified_gmt":"2022-08-15T10:28:35","slug":"5-bedroom-fully-detached-with-bq","status":"publish","type":"properties","link":"https:\/\/aviya-residence.com\/aviya\/properties\/5-bedroom-fully-detached-with-bq\/","title":{"rendered":"5 bedroom fully detached with BQ"},"content":{"rendered":"","protected":false},"featured_media":0,"template":"","acf":{"title":"5 bedroom fully detached with BQ","short_description":"<div class=\"aa-properties-info\">\r\n                    <span>5 Bedrooms<\/span>\r\n                    <span>BQ<\/span>\r\n                    <span>500 SQ Metre<\/span>\r\n                  <\/div>\r\n                  <div class=\"aa-properties-about\">\r\n                    <h3><a href=\"#\">5 bedroom fully detached with BQ<\/a><\/h3>\r\n                    <p>Aviya Residence and Apartments, Katampe Extension, Abuja<\/p>                      \r\n                  <\/div>\r\n                  <div class=\"aa-properties-detial\">\r\n                    <span class=\"aa-price\">\r\n                      N25,000,000","price":20000000,"location":"Katampe Extension, Abuja","size":"500 SQ Metre","photo":28,"long_description":"<p style=\"text-align: center\">5 bedroom fully detached with BQ<\/p>\r\n<p style=\"text-align: center\">Aviya Residence and Apartments, Katampe Extension, Abuja<\/p>\r\n<img class=\"alignnone wp-image-28\" src=\"http:\/\/aviya-residence.com\/aviya\/wp-content\/uploads\/2022\/08\/slider7-300x297.jpg\" alt=\"\" width=\"611\" height=\"605\" \/>","bedrooms":5,"others":"BQ"},"_links":{"self":[{"href":"https:\/\/aviya-residence.com\/aviya\/wp-json\/wp\/v2\/properties\/27"}],"collection":[{"href":"https:\/\/aviya-residence.com\/aviya\/wp-json\/wp\/v2\/properties"}],"about":[{"href":"https:\/\/aviya-residence.com\/aviya\/wp-json\/wp\/v2\/types\/properties"}],"wp:attachment":[{"href":"https:\/\/aviya-residence.com\/aviya\/wp-json\/wp\/v2\/media?parent=27"}],"curies":[{"name":"wp","href":"https:\/\/api.w.org\/{rel}","templated":true}]}}]