[{"id":54,"date":"2022-08-22T12:24:21","date_gmt":"2022-08-22T12:24:21","guid":{"rendered":"http:\/\/aviya-residence.com\/aviya\/?post_type=videos&#038;p=54"},"modified":"2022-08-22T12:24:24","modified_gmt":"2022-08-22T12:24:24","slug":"view-our-katampe-extension-site-with-us","status":"publish","type":"videos","link":"https:\/\/aviya-residence.com\/aviya\/videos\/view-our-katampe-extension-site-with-us\/","title":{"rendered":"View our Katampe extension site with us"},"content":{"rendered":"","protected":false},"featured_media":0,"template":"","acf":{"short_description":"View our Katampe extension site with us.","video_link":"https:\/\/www.youtube.com\/watch?v=UhoPo7qd_AQ"},"_links":{"self":[{"href":"https:\/\/aviya-residence.com\/aviya\/wp-json\/wp\/v2\/videos\/54"}],"collection":[{"href":"https:\/\/aviya-residence.com\/aviya\/wp-json\/wp\/v2\/videos"}],"about":[{"href":"https:\/\/aviya-residence.com\/aviya\/wp-json\/wp\/v2\/types\/videos"}],"wp:attachment":[{"href":"https:\/\/aviya-residence.com\/aviya\/wp-json\/wp\/v2\/media?parent=54"}],"curies":[{"name":"wp","href":"https:\/\/api.w.org\/{rel}","templated":true}]}},{"id":47,"date":"2022-08-11T15:31:40","date_gmt":"2022-08-11T15:31:40","guid":{"rendered":"http:\/\/aviya-residence.com\/aviya\/?post_type=videos&#038;p=47"},"modified":"2022-08-11T15:31:42","modified_gmt":"2022-08-11T15:31:42","slug":"explore-our-katampe-extension-site","status":"publish","type":"videos","link":"https:\/\/aviya-residence.com\/aviya\/videos\/explore-our-katampe-extension-site\/","title":{"rendered":"Explore our Katampe extension site."},"content":{"rendered":"","protected":false},"featured_media":0,"template":"","acf":{"short_description":"Explore our Katampe extension site.","video_link":"https:\/\/www.youtube.com\/watch?v=jrp4bDvjkHs"},"_links":{"self":[{"href":"https:\/\/aviya-residence.com\/aviya\/wp-json\/wp\/v2\/videos\/47"}],"collection":[{"href":"https:\/\/aviya-residence.com\/aviya\/wp-json\/wp\/v2\/videos"}],"about":[{"href":"https:\/\/aviya-residence.com\/aviya\/wp-json\/wp\/v2\/types\/videos"}],"wp:attachment":[{"href":"https:\/\/aviya-residence.com\/aviya\/wp-json\/wp\/v2\/media?parent=47"}],"curies":[{"name":"wp","href":"https:\/\/api.w.org\/{rel}","templated":true}]}},{"id":46,"date":"2022-08-11T12:13:44","date_gmt":"2022-08-11T12:13:44","guid":{"rendered":"http:\/\/aviya-residence.com\/aviya\/?post_type=videos&#038;p=46"},"modified":"2022-08-11T14:50:34","modified_gmt":"2022-08-11T14:50:34","slug":"customers-at-our-katampe-extension-abuja","status":"publish","type":"videos","link":"https:\/\/aviya-residence.com\/aviya\/videos\/customers-at-our-katampe-extension-abuja\/","title":{"rendered":"Customers at our Katampe Extension, Abuja."},"content":{"rendered":"","protected":false},"featured_media":0,"template":"","acf":{"short_description":"Customers at our katampe extension.","video_link":"https:\/\/www.youtube.com\/watch?v=1qEmgWw2Zso"},"_links":{"self":[{"href":"https:\/\/aviya-residence.com\/aviya\/wp-json\/wp\/v2\/videos\/46"}],"collection":[{"href":"https:\/\/aviya-residence.com\/aviya\/wp-json\/wp\/v2\/videos"}],"about":[{"href":"https:\/\/aviya-residence.com\/aviya\/wp-json\/wp\/v2\/types\/videos"}],"wp:attachment":[{"href":"https:\/\/aviya-residence.com\/aviya\/wp-json\/wp\/v2\/media?parent=46"}],"curies":[{"name":"wp","href":"https:\/\/api.w.org\/{rel}","templated":true}]}},{"id":43,"date":"2022-08-11T11:13:02","date_gmt":"2022-08-11T11:13:02","guid":{"rendered":"http:\/\/aviya-residence.com\/aviya\/?post_type=videos&#038;p=43"},"modified":"2022-08-11T12:21:30","modified_gmt":"2022-08-11T12:21:30","slug":"our-surveyor-at-aviya-residence-and-apartments-at-katampe-extension-gives-details-about-our-site","status":"publish","type":"videos","link":"https:\/\/aviya-residence.com\/aviya\/videos\/our-surveyor-at-aviya-residence-and-apartments-at-katampe-extension-gives-details-about-our-site\/","title":{"rendered":"Our surveyor at Aviya Residence and Apartments at Katampe extension, gives details about our site."},"content":{"rendered":"\n<figure class=\"wp-container-2 wp-block-gallery-1 wp-block-gallery has-nested-images columns-default is-cropped\">\n<figure class=\"wp-block-image size-large\"><img loading=\"lazy\" width=\"601\" height=\"1024\" data-id=\"44\"  src=\"http:\/\/aviya-residence.com\/aviya\/wp-content\/uploads\/2022\/08\/Screenshot-16-601x1024.png\" alt=\"\" class=\"wp-image-44\" srcset=\"https:\/\/aviya-residence.com\/aviya\/wp-content\/uploads\/2022\/08\/Screenshot-16-601x1024.png 601w, https:\/\/aviya-residence.com\/aviya\/wp-content\/uploads\/2022\/08\/Screenshot-16-176x300.png 176w, https:\/\/aviya-residence.com\/aviya\/wp-content\/uploads\/2022\/08\/Screenshot-16.png 602w\" sizes=\"(max-width: 601px) 100vw, 601px\" \/><\/figure>\n<\/figure>\n","protected":false},"featured_media":0,"template":"","acf":{"short_description":"Our surveyor at Aviya Residence and Apartments Katampe extension, gives details about our site. ","video_link":"https:\/\/m.youtube.com\/watch?v=LyXj7fmDe6c&amp;feature=youtu.be"},"_links":{"self":[{"href":"https:\/\/aviya-residence.com\/aviya\/wp-json\/wp\/v2\/videos\/43"}],"collection":[{"href":"https:\/\/aviya-residence.com\/aviya\/wp-json\/wp\/v2\/videos"}],"about":[{"href":"https:\/\/aviya-residence.com\/aviya\/wp-json\/wp\/v2\/types\/videos"}],"wp:attachment":[{"href":"https:\/\/aviya-residence.com\/aviya\/wp-json\/wp\/v2\/media?parent=43"}],"curies":[{"name":"wp","href":"https:\/\/api.w.org\/{rel}","templated":true}]}},{"id":42,"date":"2022-08-11T10:40:24","date_gmt":"2022-08-11T10:40:24","guid":{"rendered":"http:\/\/aviya-residence.com\/aviya\/?post_type=videos&#038;p=42"},"modified":"2022-08-11T14:51:16","modified_gmt":"2022-08-11T14:51:16","slug":"42","status":"publish","type":"videos","link":"https:\/\/aviya-residence.com\/aviya\/videos\/42\/","title":{"rendered":"Aviya Residence and Apartments, Katampe extension Sallah Promo."},"content":{"rendered":"\n<figure class=\"wp-container-4 wp-block-gallery-3 wp-block-gallery has-nested-images columns-default is-cropped\"><\/figure>\n","protected":false},"featured_media":0,"template":"","acf":{"short_description":"Aviya Residence and Apartments, July Promo.","video_link":"https:\/\/www.youtube.com\/watch?v=bwxXEjCSuAs"},"_links":{"self":[{"href":"https:\/\/aviya-residence.com\/aviya\/wp-json\/wp\/v2\/videos\/42"}],"collection":[{"href":"https:\/\/aviya-residence.com\/aviya\/wp-json\/wp\/v2\/videos"}],"about":[{"href":"https:\/\/aviya-residence.com\/aviya\/wp-json\/wp\/v2\/types\/videos"}],"wp:attachment":[{"href":"https:\/\/aviya-residence.com\/aviya\/wp-json\/wp\/v2\/media?parent=42"}],"curies":[{"name":"wp","href":"https:\/\/api.w.org\/{rel}","templated":true}]}},{"id":37,"date":"2022-08-10T19:04:17","date_gmt":"2022-08-10T19:04:17","guid":{"rendered":"https:\/\/aviya-residence.com\/aviya\/?post_type=videos&#038;p=37"},"modified":"2022-08-10T19:04:22","modified_gmt":"2022-08-10T19:04:22","slug":"test-video","status":"publish","type":"videos","link":"https:\/\/aviya-residence.com\/aviya\/videos\/test-video\/","title":{"rendered":"Test Video"},"content":{"rendered":"","protected":false},"featured_media":0,"template":"","acf":{"short_description":"Contemporary Interior Design in Entertainer's Dream Home","video_link":"https:\/\/www.youtube.com\/watch?v=y7_Spedf2BI"},"_links":{"self":[{"href":"https:\/\/aviya-residence.com\/aviya\/wp-json\/wp\/v2\/videos\/37"}],"collection":[{"href":"https:\/\/aviya-residence.com\/aviya\/wp-json\/wp\/v2\/videos"}],"about":[{"href":"https:\/\/aviya-residence.com\/aviya\/wp-json\/wp\/v2\/types\/videos"}],"wp:attachment":[{"href":"https:\/\/aviya-residence.com\/aviya\/wp-json\/wp\/v2\/media?parent=37"}],"curies":[{"name":"wp","href":"https:\/\/api.w.org\/{rel}","templated":true}]}}]